position x,position y,position z,Rotdata x,Rotdata y,Rotdata z,Rotdata w
-0.08169980364707462,-0.6977660477391219,0.5420168811987611,0.9842647099849702,0.06464825371541419,-0.06407836481965619,0.15145146790899466
